{
  "worker-002": {
    "x": 380,
    "y": 456
  },
  "pool-bch-192-168-1-156": {
    "x": 20,
    "y": 381.10919189453125
  },
  "pool-bch-192-168-1-154": {
    "x": 155.11090087890625,
    "y": 165
  },
  "host-192-168-1-154": {
    "x": 20,
    "y": 140
  },
  "asset-b63808dd": {
    "x": 710,
    "y": 295
  }
}