{
  "worker-002": {
    "x": 261.2474670410156,
    "y": 476.0182800292969
  },
  "pool-bch-192-168-1-156": {
    "x": 20,
    "y": 381.10919189453125
  },
  "pool-bch-192-168-1-154": {
    "x": 339.11090087890625,
    "y": 29
  },
  "host-192-168-1-154": {
    "x": 20,
    "y": 140
  },
  "asset-b63808dd": {
    "x": 20,
    "y": 27.31231689453125
  },
  "asset-28a5a306": {
    "x": 589,
    "y": 391
  },
  "host-192-168-1-156": {
    "x": 310,
    "y": 408
  },
  "worker-001": {
    "x": 638.0365600585938,
    "y": 139.2112274169922
  },
  "seymour-miningcore:pool-btc-solo": {
    "x": 830.9171142578125,
    "y": 130.3437957763672
  },
  "host-192-168-1-169": {
    "x": 713.48095703125,
    "y": 143.5586166381836
  },
  "asset-82ac3c36": {
    "x": 828.9853515625,
    "y": 285.1479797363281
  }
}