{
  "worker-002": {
    "x": 261.2474670410156,
    "y": 476.0182800292969
  },
  "pool-bch-192-168-1-156": {
    "x": 20,
    "y": 381.10919189453125
  },
  "pool-bch-192-168-1-154": {
    "x": 339.11090087890625,
    "y": 29
  },
  "host-192-168-1-154": {
    "x": 20,
    "y": 140
  },
  "asset-b63808dd": {
    "x": 20,
    "y": 27.31231689453125
  },
  "asset-28a5a306": {
    "x": 516,
    "y": 167
  },
  "host-192-168-1-156": {
    "x": 310,
    "y": 408
  },
  "worker-001": {
    "x": 638.0365600585938,
    "y": 139.2112274169922
  },
  "seymour-miningcore:pool-btc-solo": {
    "x": 830.9171142578125,
    "y": 130.3437957763672
  },
  "host-192-168-1-169": {
    "x": 713.48095703125,
    "y": 143.5586166381836
  },
  "asset-82ac3c36": {
    "x": 1028.9853515625,
    "y": 450.1479797363281
  },
  "pool-192-168-1-154-4000-bch": {
    "x": 854.3928833007812,
    "y": 57.858123779296875
  },
  "pool-192-168-1-156-4000-bch": {
    "x": 108.384765625,
    "y": 356.57435607910156
  },
  "workload-worker-pool-192-168-1-156-4000-bch-qqvxl558e962fry35ak5mxrglaa6umet7ysxep57e7.002-crypto-mining": {
    "x": 221.13232421875,
    "y": 396.2619323730469
  },
  "asset-bab403ab": {
    "x": 1190.0263671875,
    "y": 78.76841735839844
  },
  "asic-cluster:pool-192-168-1-154-4000-bch": {
    "x": 1092,
    "y": 438
  },
  "asic-cluster:pool-192-168-1-156-4000-bch": {
    "x": 159,
    "y": 359
  },
  "pool-192-168-1-169-3333-btc": {
    "x": 764,
    "y": 376
  }
}